"customCode","value"
"dopay_XAD7",120
"dopay_rDZp",120
"dopay_H07q",120
"dopay_EJpg",120
"dopay_8OMZ",120
"dopay_2p2B",120
"dopay_es7O",120
"dopay_encp",120
"dopay_UUVb",120
"dopay_8NCe",120
"dopay_8jia",120
"dopay_hRLY",120
"dopay_IT5Q",120
"dopay_MkuR",120
"dopay_2ICQ",120
"dopay_LnKY",120
"dopay_LHB9",120
"dopay_n7oD",120
"dopay_3LWc",120
"dopay_iIIl",120
"dopay_gd1q",120
"dopay_C5M5",120
"dopay_8Yqc",120
"dopay_Yz3w",120
"dopay_38A0",120
"dopay_1iyO",120
"dopay_foO7",120
"dopay_7290",120
"dopay_NrAQ",120
"dopay_tGZX",120
"dopay_ZABq",120
"dopay_UJgM",120
"dopay_3erQ",120
"dopay_2W5A",120
"dopay_oPQq",120
"dopay_O34p",120
"dopay_ieev",120